S.No.,"CITY 1","CITY 2","PASSENGERS 
TO CITY 2","PASSENGERS 
FROM CITY 2","FREIGHT 
TO CITY 2","FREIGHT 
FROM CITY 2","MAIL 
TO CITY 2","MAIL 
FROM CITY 2"
1,ADAMPUR,DELHI,2308,2290,0,1.1655,0,0
2,AGARTALA,CHENNAI,1536,1695,0.018,1.246,0,0.36064
3,AGARTALA,PUNE,529,0,0,0,0.97599,0
4,"AGATTI ISLAND",KOCHI,2634,104,0,0,0,0
5,AGRA,DELHI,0,68,0,0,0,0
6,AGRA,JAIPUR,540,629,0,0,0,0
7,AGRA,KHAJURAHO,336,0,0.24,0,0,0
8,AGRA,VARANASI,0,985,0,0,0,0
9,AHMEDABAD,BENGALURU,51309,50972,341.96758,235.2661,3.61039,0.9765
10,AHMEDABAD,BHUBANESWAR,1052,53,17.7081,0,0.6141,0
11,AHMEDABAD,CHANDIGARH,4282,4072,14.56,27.46,0,0
12,AHMEDABAD,CHENNAI,27423,25976,282.37341,155.83746,0.3801,0.1292
13,AHMEDABAD,COIMBATORE,1093,1050,0,0,0,0
14,AHMEDABAD,"DEHRA DUN",2023,2381,0.821,0.137,0,0
15,AHMEDABAD,DELHI,100444,107548,1254.98441,1260.98255,6.77014,22.6221
16,AHMEDABAD,GOA,17048,17527,9.544,5.7053,0,0.161
17,AHMEDABAD,GUWAHATI,1661,1171,0.59906,0.174,0,0
18,AHMEDABAD,HUBLI,4503,4342,7.835,0.044,0.022,0
19,AHMEDABAD,HYDERABAD,33568,33410,184.48806,65.51523,1.69828,0
20,AHMEDABAD,IMPHAL,0,184,0,0,0,0
21,AHMEDABAD,INDORE,2299,2411,0.054,1.161,0.892,0
22,AHMEDABAD,JABALPUR,1754,1845,4.44375,0,0,0
23,AHMEDABAD,JAIPUR,15400,14225,6.24453,16.34786,0,1.21373
24,AHMEDABAD,JAISALMER,2146,1965,0,0,0,0
25,AHMEDABAD,JAMMU,1419,507,0.039,0,0,0
26,AHMEDABAD,JODHPUR,3221,3575,0.1097,0,0,0
27,AHMEDABAD,KOCHI,12490,11323,43.33039,3.54967,3.56711,0.9815
28,AHMEDABAD,KOLKATA,23092,20987,206.74516,176.76608,2.45395,4.69891
29,AHMEDABAD,LUCKNOW,4167,5771,22.00112,7.3321,1.47697,0.625
30,AHMEDABAD,MUMBAI,95661,95325,1131.62542,926.72617,9.51133,32.6163
31,AHMEDABAD,NAGPUR,552,326,10.75566,0.928,0.298,0
32,AHMEDABAD,PATNA,4649,4679,46.52894,0.18949,0,0
33,AHMEDABAD,PORBANDAR,316,373,0,0,0,0
34,AHMEDABAD,PUNE,24054,24298,33.43382,38.26703,1.67194,1.12487
35,AHMEDABAD,SRINAGAR,0,1325,0,0.361,0,0
36,AHMEDABAD,TRIVANDRUM,0,582,0,0,0,0
37,AHMEDABAD,VARANASI,4549,4603,17.53661,0.187,0,0
38,AHMEDABAD,VISAKHAPATNAM,999,870,2.04671,0.576,0,0
39,AIZAWL,BENGALURU,237,492,0.067,0.363,0,0.1923
40,AIZAWL,DELHI,1789,2659,1.759,2.916,2.6106,4.7741
41,AIZAWL,GUWAHATI,3629,3548,0.617,18.083,4.6468,8.6853
42,AIZAWL,IMPHAL,241,172,0,0.193,1.429,2.307
43,AIZAWL,KOLKATA,3622,4040,0.5925,25.9292,10.404,13.1281
44,ALLAHABAD,LUCKNOW,529,429,0,0.053,0,0
45,ALLAHABAD,NAGPUR,805,745,0,0.013,0,0
46,ALLAHABAD,PATNA,519,476,0,0,0,0
47,AMRITSAR,BAGDOGRA,0,166,0,0,0,0.0154
48,AMRITSAR,BENGALURU,9568,9606,9.4232,5.82925,1.558,0
49,AMRITSAR,COIMBATORE,0,83,0,0.277,0,0
50,AMRITSAR,DELHI,44981,46622,19.4685,47.077,1.5197,15.1016
51,AMRITSAR,GOA,3873,3537,9.74261,0.756,0,0
52,AMRITSAR,GUWAHATI,4785,4705,0.9653,1.1858,0,0
53,AMRITSAR,HYDERABAD,5054,4512,0.039,0.118,1.037,0
54,AMRITSAR,KOLKATA,0,15,0,0,0,0
55,AMRITSAR,MUMBAI,15831,14944,7.4823,9.0804,2.1389,1.3817
56,AMRITSAR,NANDED,1420,1301,0,0,0,0
57,AMRITSAR,PUNE,78,7,0,0,0,0
58,AMRITSAR,SRINAGAR,2864,3050,0.327,0.033,2.696,0.153
59,BAGDOGRA,CHENNAI,2251,1489,1.912,0.72,0.3938,0
60,BAGDOGRA,KANPUR,0,201,0,0,0,0
61,BAGDOGRA,MANGALORE,58,0,0,0,0,0
62,BENGALURU,AGARTALA,4622,5369,2.6068,0.35005,0.79186,0
63,BENGALURU,ALLAHABAD,4550,4585,0,0,0,0
64,BENGALURU,BAGDOGRA,15517,14327,14.17536,10.04972,4.32882,0
65,BENGALURU,BELGAUM,2687,2556,0,0,0,0
66,BENGALURU,CHANDIGARH,10181,10033,66.263,84.852,2.04556,2.3505
67,BENGALURU,CHENNAI,62359,60586,566.19064,523.13437,10.06042,6.5843
68,BENGALURU,COIMBATORE,15436,15862,6.53429,1.21348,0,0
69,BENGALURU,"DEHRA DUN",4805,5475,0.917,7.9434,0.73196,0.005
70,BENGALURU,DELHI,185664,193558,2464.54305,2408.88832,27.18033,29.194
71,BENGALURU,GOA,47894,44521,35.22807,13.937,0,0.51739
72,BENGALURU,GUWAHATI,25514,20449,79.525,15.6873,6.992,2.41834
73,BENGALURU,HUBLI,10292,9956,3.22518,0.593,0,0
74,BENGALURU,HYDERABAD,113446,113280,262.50826,180.34294,14.2351,2.107
75,BENGALURU,IMPHAL,2554,1708,7.375,9.385,0,0
76,BENGALURU,INDORE,31189,32166,54.03655,42.8895,2.2213,2.20019
77,BENGALURU,JAIPUR,30460,29491,118.34136,177.21968,7.36162,3.92253
78,BENGALURU,JODHPUR,370,320,0.0933,0,0.6906,0
79,BENGALURU,KANNUR,5657,4909,0,0,0,0
80,BENGALURU,KANPUR,111,247,0,0,0,0
81,BENGALURU,KOCHI,62330,56015,73.17816,22.18864,2.84679,5.5017
82,BENGALURU,KOLHAPUR,790,698,0,0,0,0
83,BENGALURU,KOLKATA,79081,72298,380.4386,411.45533,20.04584,4.83429
84,BENGALURU,KOZHIKODE,5549,5293,3.15281,0.0283,0,0
85,BENGALURU,LUCKNOW,29006,30709,88.73718,61.55156,21.87972,2.002
86,BENGALURU,MADURAI,6991,5751,0.64193,13.6262,5.05946,0
87,BENGALURU,MANGALORE,18993,19109,18.7526,2.06758,0,173.02316
88,BENGALURU,MUMBAI,162026,161606,1352.52297,1524.45352,12.71743,38.85556
89,BENGALURU,NAGPUR,26288,23630,73.78013,41.36075,5.21884,0.71171
90,BENGALURU,PATNA,20472,18359,86.11879,6.85968,24.66215,2.47152
91,BENGALURU,"PORT BLAIR",10683,9667,24.347,0.261,0,0
92,BENGALURU,PUDUCHERRY,1857,1713,0.001,0,0,0
93,BENGALURU,PUNE,83304,86091,280.97832,252.6188,7.26666,0
94,BENGALURU,RAIPUR,10934,9917,19.78977,1.62168,1.86072,1.33921
95,BENGALURU,RAJAHMUNDRY,3861,3597,0.124,0.043,0,0
96,BENGALURU,RANCHI,19838,22013,60.06069,81.19114,12.14175,3.813
97,BENGALURU,SRINAGAR,2508,2430,11.212,0.13,0,0.552
98,BENGALURU,SURAT,8272,8611,2.152,12.9786,0,0
99,BENGALURU,TIRUCHIRAPALLY,2134,2014,0.158,0,0,0
100,BENGALURU,TIRUPATI,3768,3307,0,0,0,0
101,BENGALURU,TRIVANDRUM,20381,18425,11.39932,6.1043,6.96952,0.40801
102,BENGALURU,UDAIPUR,8172,8580,8.104,0.6271,0,0
103,BENGALURU,VARANASI,9677,10063,6.10739,25.67678,2.61951,0
104,BENGALURU,VIDYANAGAR,1670,1634,0,0,0,0
105,BENGALURU,VIJAYAWADA,13556,10645,32.4673,6.42327,5.72441,0
106,BENGALURU,VISAKHAPATNAM,31239,29510,38.17925,11.66355,9.22531,0.48314
107,BHATINDA,DELHI,825,677,0,0,0,0
108,BHATINDA,JAMMU,838,921,0,0,0,0
109,BHAVNAGAR,MUMBAI,1598,1638,0,0,0,0
110,BHOPAL,DELHI,16645,17607,5.4588,82.8286,13.741,20.7336
111,BHOPAL,JAIPUR,0,2547,0,0,0,0
112,BHOPAL,MUMBAI,16141,15048,22.9204,48.102,5.746,30.0419
113,BHOPAL,RAIPUR,0,2554,0,0,0,0
114,BHUBANESWAR,BENGALURU,43407,44179,6.9412,88.85354,3.0232,18.49644
115,BHUBANESWAR,CHENNAI,10233,10893,6.9309,16.5432,3.1424,18.55217
116,BHUBANESWAR,COIMBATORE,404,123,0.11,1.655,0,0.24775
117,BHUBANESWAR,DELHI,42225,47192,39.2195,283.78514,0,47.3919
118,BHUBANESWAR,GUWAHATI,6508,5046,0.2519,0.289,1.8092,0
119,BHUBANESWAR,HYDERABAD,22791,22656,11.5778,33.7647,1.6497,2.5859
120,BHUBANESWAR,KOCHI,4076,3698,0.0126,0.91994,0.611,0
121,BHUBANESWAR,KOLKATA,35898,39469,5.0194,54.42106,3.96435,18.88778
122,BHUBANESWAR,MUMBAI,20358,19717,19.3919,139.63307,7.3934,21.92306
123,BHUBANESWAR,SURAT,213,0,0,0,0,0
124,BHUBANESWAR,VADODARA,0,162,0,0.009,0,6.73821
125,BHUBANESWAR,VARANASI,37,75,0,0,0,0
126,BHUBANESWAR,VISAKHAPATNAM,1803,1589,0,0.023,0,0
127,BHUJ,MUMBAI,9185,9880,0.24,3.47,0,0
128,BIKANER,DELHI,1360,1486,0,0,0,0
129,BIKANER,JAIPUR,800,1021,0,0,0,0
130,CHANDIGARH,CHENNAI,726,1148,15.1277,10.8066,0,0
131,CHANDIGARH,JAIPUR,1650,1708,0,0,0.65,0
132,CHANDIGARH,KULLU,87,220,0,0,0,0
133,CHANDIGARH,LEH,535,1036,0.86,0.124,0,0
134,CHANDIGARH,LUCKNOW,2046,2102,0.223,0.045,0,0
135,CHANDIGARH,PUNE,4880,4925,1.2251,15.307,0,0
136,CHANDIGARH,SRINAGAR,6851,7672,0.024,0.135,5.12,0
137,CHANDIGARH,SURAT,102,0,0.045,0,0,0
138,CHANDIGARH,TRIVANDRUM,61,0,0,0,0,0
139,CHENNAI,MYSORE,1758,1895,0,0,0,0
140,CHENNAI,NAGPUR,3576,3829,1.3112,0.3545,0,0
141,CHENNAI,PATNA,2915,3313,4.73848,1.072,0,0
142,CHENNAI,PUNE,42938,43363,189.91374,385.41744,10.70637,0.0926
143,CHENNAI,RAIPUR,1011,413,7.15,0.282,1.87483,0
144,CHENNAI,RAJAHMUNDRY,1803,1867,0.056,0,0,0
145,CHENNAI,SALEM,1800,1764,0,0,0,0
146,CHENNAI,SRINAGAR,1000,779,0,0.045,0,0
147,CHENNAI,SURAT,4142,3934,1.15,0,0,0
148,CHENNAI,TIRUCHIRAPALLY,10304,9084,0.321,0.1762,7.74658,0.08832
149,CHENNAI,TRIVANDRUM,19470,17390,14.698,12.30215,12.77247,4.2814
150,CHENNAI,TUTICORIN,9302,8198,3.96559,2.705,0,0
151,CHENNAI,UDAIPUR,4254,4653,2.45,21.5553,0,0
152,CHENNAI,VARANASI,1379,0,0.579,0,0,0
153,CHENNAI,VIJAYAWADA,5928,5972,20.8386,0.75843,2.59627,0
154,CHENNAI,VISAKHAPATNAM,12594,13456,23.46026,28.7988,1.8356,5.43365
155,COIMBATORE,AGARTALA,13,9,0.04,0,0,0
156,COIMBATORE,CHENNAI,40202,44839,52.92904,92.80841,1.71879,2.50689
157,COIMBATORE,DELHI,25926,26642,148.47955,185.04101,2.95175,1.827
158,COIMBATORE,GOA,0,334,0,0.083,0,0
159,COIMBATORE,HYDERABAD,16363,18542,35.1121,7.9952,0,0
160,COIMBATORE,KOCHI,45,931,0,0,0,0
161,COIMBATORE,PUNE,1967,1968,1.926,2.6282,0,0
162,COIMBATORE,SURAT,610,0,0.1,0,0,0
163,COIMBATORE,VISAKHAPATNAM,541,637,0.841,0.00945,0,0
164,CUDDAPAH,CHENNAI,1531,1509,0,0,0,0
165,CUDDAPAH,HYDERABAD,1748,1898,0,0,0,0
166,CUDDAPAH,VIJAYAWADA,1658,1698,0,0,0,0
167,"DEHRA DUN",CHANDIGARH,39,5,0,0,0,0
168,"DEHRA DUN",DELHI,31062,29175,14.16876,20.6751,1.249,8.2947
169,"DEHRA DUN",GOA,390,0,0.402,0,0,0
170,"DEHRA DUN",HYDERABAD,4954,3940,3.5698,1.148,0.015,0
171,"DEHRA DUN",LUCKNOW,4680,4847,2.902,0.016,0.021,0
172,DELHI,AGARTALA,1813,2031,17.1134,0.159,4.0436,0
173,DELHI,AJMER,2052,2178,0,0,0,0
174,DELHI,ALLAHABAD,1791,1824,0,0,0,0
175,DELHI,AURANGABAD,4331,4313,19.7086,20.936,8.645,0.3398
176,DELHI,BAGDOGRA,50838,49279,161.68118,96.36707,14.6578,5.76112
177,DELHI,CHANDIGARH,19682,19631,25.51666,39.48506,0.5609,1.585
178,DELHI,CHENNAI,117680,107915,1426.43184,1015.47597,38.4483,79.02067
179,DELHI,DHARAMSALA,5325,4590,0.06685,0,0,0
180,DELHI,DIBRUGARH,4841,3617,8.8623,0,8.3089,0.53517
181,DELHI,DIMAPUR,1462,1625,3.829,0.1,6.805,4.54567
182,DELHI,DURGAPUR,2044,1846,0,0,0,0
183,DELHI,GAYA,3328,2402,0.218,0,0.299,0
184,DELHI,GOA,93836,89745,245.74171,72.06766,3.531,2.348
185,DELHI,GORAKHPUR,11627,12194,3.78737,0.0035,0,0
186,DELHI,GUWAHATI,76182,74406,539.76088,203.12596,43.1331,9.0933
187,DELHI,GWALIOR,1616,0,0,0,0,0
188,DELHI,HYDERABAD,120858,112501,1369.46582,778.36682,25.847,12.33
189,DELHI,IMPHAL,18654,14631,114.84276,48.45454,13.497,17.54819
190,DELHI,INDORE,33060,31774,196.54769,125.87295,16.2966,18.73971
191,DELHI,JABALPUR,4259,4160,20.61352,2.03538,0,0
192,DELHI,JAIPUR,29145,28604,37.21573,37.85992,35.509,3.8485
193,DELHI,JAISALMER,4048,4377,0,0,0,0
194,DELHI,JAMMU,28397,20974,118.48782,8.20702,10.988,2.43
195,DELHI,JODHPUR,14277,13636,2.5566,1.1589,13.4364,1.899
196,DELHI,JORHAT,2772,2327,1.453,0.337,0,0
197,DELHI,KANPUR,2449,2381,3.54234,0.322,0,0
198,DELHI,KHAJURAHO,709,1028,0.262,0.0103,0,0
199,DELHI,KULLU,882,370,0,0,0,0
200,DELHI,LEH,10344,22045,201.67047,7.4071,13.879,6.04
201,DELHI,LUCKNOW,72245,71051,214.98804,53.41275,64.6793,17.518
202,DELHI,LUDHIANA,737,799,0,0,0,0
203,DELHI,MADURAI,3795,3231,1.435,0,0,0
204,DELHI,MANGALORE,4023,3659,3.232,0.5577,5.985,7.1715
205,DELHI,NAGPUR,35141,31367,103.55093,30.84345,18.286,4.4409
206,DELHI,NANDED,993,902,0.006,0,0,0
207,DELHI,NASIK,1849,1684,7.44,18.865,0,0
208,DELHI,PANTNAGAR,406,371,0,0,0,0
209,DELHI,PATHANKOT,469,492,0,0,0,0
210,DELHI,PATNA,68794,70261,173.61595,32.83495,61.8097,47.903
211,DELHI,"PORT BLAIR",9472,8343,16.7218,1.161,0.02,0
212,DELHI,PUNE,116797,112351,779.37216,656.08235,18.051,7.1712
213,DELHI,RAIPUR,30103,28278,183.52891,18.43686,25.3609,4.43737
214,DELHI,RAJKOT,3552,3342,0.694,0,0,0
215,DELHI,RANCHI,54283,49325,329.5118,7.84995,11.6444,21.254
216,DELHI,SHIRDI,5784,5698,0,0,0,0
217,DELHI,SILCHAR,3086,2532,6.3185,8.2875,0,0
218,DELHI,SIMLA,714,309,0,0,0,0
219,DELHI,SRINAGAR,59720,63054,251.3398,96.11613,12.6394,19.508
220,DELHI,SURAT,27606,22211,74.72348,74.97632,0,0
221,DELHI,TIRUPATI,1707,1575,3.12,0,0,0
222,DELHI,TRIVANDRUM,17255,17467,38.687,2.7058,12.506,0.5
223,DELHI,UDAIPUR,22089,21137,54.80933,3.7374,0.534,0.7184
224,DELHI,VARANASI,43737,42601,77.52456,23.82613,22.6055,4.388
225,DELHI,VIJAYAWADA,13491,10070,62.71056,0.8696,11.627,1.073
226,DELHI,VISAKHAPATNAM,16209,14946,60.80444,7.0174,15.5451,1.316
227,DIBRUGARH,GUWAHATI,3851,2099,7.85056,17.209,2.09697,0
228,GAYA,VARANASI,729,0,0,0,0,0
229,GOA,CHENNAI,13589,13683,22.09149,17.39453,0,0
230,GOA,HUBLI,1568,1841,0.002,0,0,0
231,GOA,HYDERABAD,33196,35124,13.6008,6.952,0.44954,0
232,GOA,IMPHAL,0,7,0,0.266,0,0
233,GOA,INDORE,8996,9393,0.285,6.717,0,0
234,GOA,JAIPUR,1096,304,1.733,0.07,0,0
235,GOA,LUCKNOW,5126,4906,5.603,0.292,0,0
236,GOA,PATNA,642,617,0,0,0,0
237,GOA,PUNE,11933,9174,1.50475,2.92306,0,0
238,GOA,RAIPUR,1371,950,0.277,0.266,0,0
239,GOA,SURAT,6384,7052,0.89844,7.33163,0,0
240,GOA,TRIVANDRUM,0,105,0,0.05,0,0
241,GOA,VARANASI,0,721,0,0,0,0
242,GORAKHPUR,INDORE,0,90,0,0,0,0
243,GORAKHPUR,SURAT,0,464,0,0,0,0
244,GUWAHATI,AGARTALA,9092,10611,45.7553,0.7974,6.98222,4.75976
245,GUWAHATI,BAGDOGRA,10497,14464,2.39295,2.878,0.4661,0
246,GUWAHATI,CHENNAI,15394,15116,9.89403,46.29335,0.89035,8.1995
247,GUWAHATI,GANGTOK,1047,953,0,0,0,0
248,GUWAHATI,GOA,991,1024,0.051,0.002,0,0
249,GUWAHATI,HYDERABAD,14363,14140,6.0789,41.7748,0,1.272
250,GUWAHATI,IMPHAL,24366,25250,201.71896,45.39718,5.85806,9.16672
251,GUWAHATI,JAIPUR,5797,5884,4.37334,6.73718,0.78987,1.23138
252,GUWAHATI,JORHAT,2704,2690,0.2387,0.5533,0.304,0.387
253,GUWAHATI,LILABARI,0,498,0,0,0,0
254,GUWAHATI,LUCKNOW,917,698,0.81,1.173,0,0
255,GUWAHATI,PATNA,4426,5538,0.20474,1.3436,0,0
256,GUWAHATI,PUNE,1880,655,0.666,4.964,0,0.1887
257,GUWAHATI,SILCHAR,6903,6629,13.68577,11.06795,2.2486,0.3594
258,GUWAHATI,TEZPUR,0,377,0,0,0,0
259,GUWAHATI,VARANASI,2691,4198,0.234,0.003,0,0
260,GUWAHATI,VISAKHAPATNAM,0,163,0,0,0,0
261,HUBLI,CHENNAI,4314,4455,4.028,4.69943,0.022,0
262,HUBLI,JABALPUR,28,24,0,0,0,0
263,HUBLI,MANGALORE,86,69,0,0,0,0
264,HYDERABAD,AGARTALA,730,1457,6.791,0.29,0,0
265,HYDERABAD,AURANGABAD,1745,1694,0,0,0,0
266,HYDERABAD,BAGDOGRA,2922,3105,1.63,5.313,0,0
267,HYDERABAD,CHANDIGARH,4465,4538,10.3588,21.143,0,1.414
268,HYDERABAD,CHENNAI,54402,55213,397.07986,489.17244,9.24468,16.09269
269,HYDERABAD,IMPHAL,3884,2990,8.443,3.381,0,0
270,HYDERABAD,INDORE,18720,19708,21.5835,31.033,0,1.29023
271,HYDERABAD,JABALPUR,2282,2309,9.02548,0.362,0,0
272,HYDERABAD,JAIPUR,23828,25256,28.16564,114.01092,0,1.65641
273,HYDERABAD,JAISALMER,38,0,0,0,0,0
274,HYDERABAD,KOLHAPUR,620,635,0,0,0,0
275,HYDERABAD,LEH,0,159,0,0,0,0
276,HYDERABAD,LUCKNOW,13804,16486,21.7838,8.9295,0.004,0.961
277,HYDERABAD,MADURAI,6519,6846,1.729,22.87106,0.3238,0
278,HYDERABAD,MANGALORE,4537,4332,0.028,0.032,0,0.61265
279,HYDERABAD,NAGPUR,3709,3923,0.6685,0.151,0,0
280,HYDERABAD,NANDED,1509,1693,0,0,0,0
281,HYDERABAD,PATNA,8080,8638,62.28704,6.16991,0,1.12497
282,HYDERABAD,"PORT BLAIR",5820,5425,17.20196,1.586,4.8989,0
283,HYDERABAD,PUDUCHERRY,1895,1960,0.058,0,0,0
284,HYDERABAD,PUNE,17042,14397,31.1291,34.24355,0,0
285,HYDERABAD,RAIPUR,16065,17576,18.9528,8.79318,0.088,1.29558
286,HYDERABAD,RAJAHMUNDRY,12201,11567,4.08155,0.44085,0,0
287,HYDERABAD,RANCHI,4676,4873,8.538,5.09304,0.234,0
288,HYDERABAD,SHIRDI,5588,5648,0.005,0,0,0
289,HYDERABAD,SURAT,8224,8716,3.655,20.64925,0,0
290,HYDERABAD,TIRUPATI,27334,27526,0.7004,0,0,3.987
291,HYDERABAD,TRIVANDRUM,7399,6858,1.9,0.074,0,0.0542
292,HYDERABAD,UDAIPUR,3844,4257,0.512,0.085,0,0
293,HYDERABAD,VARANASI,9671,11581,4.5127,19.52208,0,0
294,HYDERABAD,VIDYANAGAR,1735,1596,0,0,0,0
295,HYDERABAD,VIJAYAWADA,13486,14585,59.01658,8.18037,0.73316,0
296,HYDERABAD,VISAKHAPATNAM,35911,34310,44.6963,27.0106,0.42876,0.243
297,IMPHAL,AGARTALA,1304,1045,1.913,0.095,0,0
298,IMPHAL,MANGALORE,16,0,0,0,0,0
299,INDORE,ALLAHABAD,761,824,0.042,0,0,0
300,INDORE,CHENNAI,4783,4828,24.66845,29.63,1.0634,0
301,INDORE,JAIPUR,1036,1067,0.176,0,0,0
302,INDORE,JODHPUR,1760,1879,0,0,0,0
303,INDORE,LUCKNOW,1900,2429,0.6083,0.02745,0,0
304,INDORE,NAGPUR,4914,4328,0.371,3.0016,0.55747,0
305,INDORE,PATNA,1,0,1.8254,0,0,0
306,INDORE,PUNE,3447,3480,3.8245,9.4116,0.63808,0.1098
307,INDORE,RAIPUR,5277,5229,2.1267,0.7818,2.37548,1.22081
308,INDORE,RANCHI,367,263,0.74,0.111,0,0
309,JAIPUR,CHENNAI,11825,12367,80.92,16.11826,2.66524,7.7375
310,JAIPUR,JAISALMER,1789,1796,0,0,0,0
311,JAIPUR,LUCKNOW,5457,5863,0.018,0,0,0
312,JAIPUR,PUNE,10193,10015,55.9107,14.468,0,0
313,JAIPUR,RAIPUR,427,0,0.006,0,0,0
314,JAIPUR,SURAT,4035,3140,5.50001,0.68044,0,0
315,JAIPUR,UDAIPUR,6397,5772,0.60294,0,0,0
316,JAIPUR,VARANASI,4084,4658,0.39025,2.1295,0,0
317,JAIPUR,VISAKHAPATNAM,145,0,0,0,0,0
318,JAISALMER,SURAT,1067,935,0,0,0,0
319,JAMMU,CHENNAI,0,127,0,0,0,0
320,JAMMU,LEH,4762,1642,30.5936,2.502,0,0.145
321,JAMMU,LUCKNOW,1093,3028,0,0.907,0,0
322,JAMMU,PATNA,116,167,0,0,0,0
323,JAMMU,SRINAGAR,28690,26068,37.3585,1.72,1.652,3.309
324,JAMMU,VARANASI,75,0,0,0,0,0
325,KANNUR,CHENNAI,1090,1249,0,0,0,0
326,KANNUR,DELHI,0,497,0,0,0,0
327,KANNUR,HYDERABAD,1402,1337,0,0,0,0
328,KANNUR,TRIVANDRUM,179,0,0,0,0,0
329,KHAJURAHO,VARANASI,2101,1497,0,0,0,0
330,KOCHI,AGARTALA,0,50,0,0,0,0
331,KOCHI,CHENNAI,28786,32900,25.65013,103.34404,5.1345,6.503
332,KOCHI,"DEHRA DUN",0,24,0,0.1,0,0
333,KOCHI,DELHI,35294,41927,119.71037,410.9144,8.1721,15.083
334,KOCHI,GOA,4801,5279,0.10975,0.037,0,0
335,KOCHI,GUWAHATI,6328,5490,0.96656,0.366,0,0
336,KOCHI,HUBLI,1670,1710,0.279,0.185,0,0
337,KOCHI,HYDERABAD,26692,29563,14.01091,33.2791,3.5699,5.725
338,KOCHI,JAIPUR,4355,4092,0.043,0.301,0,0
339,KOCHI,LUCKNOW,2743,3552,0.28133,0.1243,0,0
340,KOCHI,NAGPUR,2740,3845,0.017,3.3347,0,0
341,KOCHI,"PORT BLAIR",327,0,0,0,0,0
342,KOCHI,PUNE,9750,9844,6.82965,23.82749,0,0
343,KOCHI,RAIPUR,329,405,0.147,0.386,0,0
344,KOCHI,SURAT,45,0,0,0,0,0
345,KOCHI,TIRUCHIRAPALLY,1304,1784,0,0,0,0
346,KOCHI,TRIVANDRUM,5948,4797,0.833,0,0.059,4.051
347,KOCHI,VISAKHAPATNAM,5199,4818,0.011,1.16615,0,0
348,KOLKATA,AGARTALA,33413,31925,282.32738,25.28647,10.37168,6.18978
349,KOLKATA,BAGDOGRA,40266,40780,99.34743,120.76519,0.3943,2.90261
350,KOLKATA,CHANDIGARH,3357,3508,3.6753,12.3131,0,3.547
351,KOLKATA,CHENNAI,55378,56642,259.70253,244.26832,3.72856,49.30455
352,KOLKATA,COIMBATORE,768,1868,6.1205,23.27735,0,0
353,KOLKATA,"DEHRA DUN",0,227,0,0.746,0,0
354,KOLKATA,DELHI,136829,144971,2293.18501,1868.34299,23.4115,26.6656
355,KOLKATA,DIBRUGARH,9365,8330,42.75827,13.18534,4.489,2.59032
356,KOLKATA,DIMAPUR,7113,6245,18.9183,0.2216,7.87794,4.5782
357,KOLKATA,GANGTOK,1432,1257,0,0,0,0
358,KOLKATA,GAYA,371,860,0.044,0,0,0
359,KOLKATA,GOA,7506,6888,2.285,6.294,1.48058,1.25404
360,KOLKATA,GUWAHATI,61799,58711,407.79586,103.89492,25.36402,9.4527
361,KOLKATA,HYDERABAD,47923,46839,252.9628,205.97593,9.05651,11.2675
362,KOLKATA,IMPHAL,13267,10695,141.05653,27.57938,16.20688,15.10014
363,KOLKATA,INDORE,5988,7103,9.0946,14.01,2.08321,1.92211
364,KOLKATA,JAIPUR,18347,19496,54.11104,88.965,6.0676,2.90689
365,KOLKATA,JORHAT,4764,4640,1.147,0,0.029,0
366,KOLKATA,KANPUR,4972,4967,1.604,0,0,0
367,KOLKATA,KOCHI,10742,9910,30.11928,5.4664,0.1304,2.5882
368,KOLKATA,LUCKNOW,12901,14167,17.03432,14.46275,5.18517,2.915
369,KOLKATA,MANGALORE,334,0,0,0,0.01484,0
370,KOLKATA,NAGPUR,11048,11374,14.3696,16.991,0.085,1.04505
371,KOLKATA,PATNA,17625,18421,75.79961,31.51297,9.36028,3.36216
372,KOLKATA,"PORT BLAIR",27728,27878,300.30817,34.05335,3.1877,5.852
373,KOLKATA,PUNE,27445,29609,54.58406,141.99621,1.27154,0.2644
374,KOLKATA,RAIPUR,7127,10512,14.4103,9.27065,5.00679,0.98782
375,KOLKATA,RANCHI,18896,15913,16.80456,3.33325,15.62756,0.651
376,KOLKATA,SHILLONG,572,475,0,0,0,0
377,KOLKATA,SILCHAR,8592,8267,70.44024,3.61665,0.436,0.508
378,KOLKATA,SRINAGAR,1503,1412,0.026,3.944,0,0
379,KOLKATA,SURAT,9390,9432,25.05655,49.09913,0,0
380,KOLKATA,TRIVANDRUM,753,1390,1.6977,4.823,1.43587,0
381,KOLKATA,VARANASI,4287,4931,2.08644,0.415,0,0
382,KOLKATA,VISAKHAPATNAM,13621,13091,8.51425,20.54253,0.1515,0.33006
383,KOZHIKODE,CHENNAI,5816,7095,1.3881,6.85809,0,0
384,KOZHIKODE,DELHI,802,1076,1.97584,5.911,0,5.84
385,KOZHIKODE,HYDERABAD,1990,2006,0.0095,0.5429,0,0
386,KOZHIKODE,KOCHI,477,409,0.001,59.044,0,0.02
387,KOZHIKODE,TRIVANDRUM,1570,1541,0.35,0.671,0,0
388,LEH,SRINAGAR,925,747,0.188,7.6001,0.13,0
389,LUCKNOW,CHENNAI,5973,5917,18.551,21.325,0,0.2052
390,LUCKNOW,PATNA,3550,3412,2.5517,0.5471,0,0
391,LUCKNOW,PUNE,5569,4869,6.49945,12.00746,0,0.7826
392,LUCKNOW,SRINAGAR,1377,4384,0.157,0.074,0,0
393,LUCKNOW,TRIVANDRUM,14,0,0,0,0,0
394,LUCKNOW,VARANASI,4,0,0,0,0.148,0
395,LUCKNOW,VIJAYAWADA,59,0,0,0,0,0
396,MADURAI,CHENNAI,24547,25687,112.38126,41.66163,4.477,13.61627
397,MADURAI,RAJAHMUNDRY,12,25,0,0,0,0
398,MADURAI,TIRUPATI,0,83,0,0,0,0
399,MANGALORE,CHENNAI,5885,6194,0.069,0.88851,32.8766,0
400,MANGALORE,NAGPUR,57,0,0,0,0.08214,0
401,MANGALORE,VARANASI,91,0,0,0,2.28603,0
402,MUMBAI,AGARTALA,614,0,5.78197,0,0,0
403,MUMBAI,AURANGABAD,10402,11138,28.2763,73.0301,25.7539,0.9708
404,MUMBAI,BAGDOGRA,11136,11303,33.8759,21.23075,10.8391,1.7438
405,MUMBAI,CHANDIGARH,25182,25131,144.2056,155.58906,17.6051,3.343
406,MUMBAI,CHENNAI,98332,97720,839.81392,737.81162,25.713,86.58359
407,MUMBAI,COIMBATORE,21555,21010,195.31118,108.75754,10.6558,4.4653
408,MUMBAI,"DEHRA DUN",6534,6515,11.478,0.966,8.9535,0.042
409,MUMBAI,DELHI,288433,311187,3385.73258,3573.50795,184.07699,74.10188
410,MUMBAI,DIU,1044,952,0,0,0,0
411,MUMBAI,GOA,111841,105814,182.25103,69.25393,20.3534,6.23
412,MUMBAI,GUWAHATI,15923,16520,163.72939,37.34965,19.0111,3.0709
413,MUMBAI,HUBLI,2983,2830,3.1094,7.64914,0,0
414,MUMBAI,HYDERABAD,93730,92591,1083.70919,727.5016,36.0536,7.894
415,MUMBAI,IMPHAL,697,690,0.65,0.171,2.7072,0
416,MUMBAI,INDORE,32442,30178,140.0649,173.9248,29.23808,8.99275
417,MUMBAI,JABALPUR,2248,2282,16.53371,2.27222,0,0
418,MUMBAI,JAIPUR,42675,43633,184.86703,182.27832,69.15433,11.57426
419,MUMBAI,JAISALMER,4080,3726,0,0,0,0
420,MUMBAI,JAMMU,8678,2508,13.68195,0.078,0,0
421,MUMBAI,JAMNAGAR,3779,3599,2.0972,0,0,0
422,MUMBAI,JODHPUR,8788,8848,3.4112,0.1427,16.5897,0.835
423,MUMBAI,JORHAT,461,299,0.194,0.115,0,0
424,MUMBAI,KANDLA,2382,2387,0.005,0,0,0
425,MUMBAI,KANPUR,5392,5322,3.89077,0,0,0
426,MUMBAI,KOCHI,56458,54258,316.64459,132.37395,10.10984,8.1007
427,MUMBAI,KOLKATA,89215,87045,594.81605,576.66692,81.1673,9.42082
428,MUMBAI,KOZHIKODE,12202,10174,51.6907,4.47161,9.89535,0
429,MUMBAI,LUCKNOW,31857,34461,156.21354,50.24923,40.38938,2.649
430,MUMBAI,MADURAI,6752,6285,26.1579,46.1377,5.8461,0
431,MUMBAI,MANGALORE,27816,26627,12.76398,5.3128,6.4661,183.06283
432,MUMBAI,NAGPUR,36351,35957,135.23142,120.6097,50.02391,13.272
433,MUMBAI,NANDED,1848,1864,0,0,0,0
434,MUMBAI,PATNA,19581,15449,185.51233,8.38665,30.96391,4.8572
435,MUMBAI,PORBANDAR,2392,2370,0.039,0,0,0
436,MUMBAI,"PORT BLAIR",5282,5069,46.1,2.63,0,0
437,MUMBAI,PUNE,2601,2712,4.9717,12.3896,0.4528,0
438,MUMBAI,RAIPUR,22490,20038,122.10092,27.99293,39.2042,0
439,MUMBAI,RAJKOT,11048,10661,12.1731,0.516,19.4598,3.303
440,MUMBAI,RANCHI,8032,11095,61.78553,5.75977,21.60601,4.864
441,MUMBAI,SHIRDI,1277,1206,0,0,0,0
442,MUMBAI,SILCHAR,17,0,0,0,0,0
443,MUMBAI,SRINAGAR,1999,9062,10.239,1.344,0,0.929
444,MUMBAI,SURAT,4738,5974,1.24653,12.38308,0,0
445,MUMBAI,TIRUPATI,1718,1480,0,0,0,0
446,MUMBAI,TRIVANDRUM,12928,11914,30.75845,8.3938,11.6319,4.9714
447,MUMBAI,UDAIPUR,27536,28296,24.7743,24.1038,0.64642,0.409
448,MUMBAI,VARANASI,18870,18923,73.88206,25.18197,8.3573,1.696
449,MUMBAI,VIJAYAWADA,1748,1257,0,0,0,0
450,MUMBAI,VISAKHAPATNAM,8392,8629,21.26363,8.03785,7.87318,0.941
451,NAGPUR,PUNE,14490,14691,12.4703,3.187,5.02496,0.08068
452,NAGPUR,RAIPUR,0,101,0,0,0,1.604
453,PATNA,PUNE,2858,2914,1.48597,7.98445,0,0
454,PATNA,RAIPUR,671,515,0.001,0.2,0,0
455,"PORT BLAIR",CHENNAI,28937,30082,84.85204,154.81206,3.381,7.614
456,"PORT BLAIR",VISAKHAPATNAM,991,881,0.642,0,0,0
457,PUDUCHERRY,VIJAYAWADA,0,28,0,0,0,0
458,PUNE,TRIVANDRUM,0,651,0,0.086,0,0
459,PUNE,VISAKHAPATNAM,0,76,0,0,0,0
460,RAIPUR,SRINAGAR,141,0,0.008,0,0,0
461,RAIPUR,VISAKHAPATNAM,965,0,0.002,0,5.542,0
462,RANCHI,PATNA,3640,5289,0.668,0,2.903,2.59914
463,RANCHI,RAIPUR,0,2633,0,0,0,0
464,SRINAGAR,UDAIPUR,49,0,0,0,0,0
465,SRINAGAR,VISAKHAPATNAM,317,0,0,0,0,0
466,SURAT,UDAIPUR,1201,1136,0.63681,0.01615,0,0
467,SURAT,VARANASI,622,848,0,0,0,0
468,TIRUPATI,VIJAYAWADA,2721,0,0,0,0,0
469,TRIVANDRUM,UDAIPUR,105,0,0,0,0,0
470,UDAIPUR,VARANASI,1132,1130,0,0.01615,0,0
471,UDAIPUR,VISAKHAPATNAM,2,0,0,0,0,0
472,VADODARA,BENGALURU,8434,8994,33.833,2.6,0,0.54344
473,VADODARA,CHENNAI,207,712,0,9.375,0,0
474,VADODARA,DELHI,18806,21074,24.3017,39.1327,2.9221,16.0459
475,VADODARA,HYDERABAD,4807,4274,19.226,1.999,0.3337,0
476,VADODARA,INDORE,899,889,0,0,0,0
477,VADODARA,JAIPUR,1116,1045,0,0,0,0
478,VADODARA,KOCHI,23,0,0,0,0,0
479,VADODARA,MANGALORE,83,0,0.05,0,0,0
480,VADODARA,MUMBAI,22974,22523,11.23305,27.1483,6.6692,12.0868
481,VIJAYAWADA,VISAKHAPATNAM,0,5361,0,0,0,0
